{"_timestamp":1.7815748109739654e+09,"num_points":1947961,"_wandb":{"runtime":1187},"_runtime":1187.957809973,"_step":30000,"normal_loss":0.0039219483733177185,"total_loss":0.033322423696517944,"rgb_loss":0.029400473460555077,"train_psnr":30.348162078857424,"train_l1":0.019838992878794672,"dist_loss":0}