{"rgb_loss":0.03764118254184723,"_timestamp":1.7815367948561652e+09,"train_psnr":31.883081436157227,"_runtime":3170.965405354,"_wandb":{"runtime":3170},"dist_loss":0,"_step":30000,"num_points":528167,"normal_loss":0.0040220776572823524,"total_loss":0.04166325926780701,"train_l1":0.01618859264999628}